{"assetType":"edge","uniqueID":"1c512794a9aa4d6f8b0503aa91293265","rootFolder":"project.projectfromiotoonpremise_1c512794a9aa4d6f8b0503aa91293265_export","projectAlias":"pkg_1c512794a9aa4d6f8b0503aa91293265_exported","services":[{"serviceFullName":"project.projectfromiotoonpremise_1c512794a9aa4d6f8b0503aa91293265_export.integrations:projectfromiotoonpremise","name":"projectfromiotoonpremise","edgeServer":{"id":"c700f6aedadf45cab77365d4b75bc4d2","group":"default","name":"Cloud Runtime","executionPlaneType":"cloud"},"referenced":{"type":"flow","name":"projectfromiotoonpremise","nsName":"project.projectfromiotoonpremise_1c512794a9aa4d6f8b0503aa91293265_export.integrations:projectfromiotoonpremise","resolved":false,"operation":null,"reference":[],"referencedBy":null}}]}